run_tag,text_file,pattern_len,max_results,found_total,returned_indices,overflow,preprocessing_ms,search_ms,index_order,index_value
"benchmark-example:protein-extra-64-cpu","bd/proteins.100MB",64,1000000,55,55,0,0.000,8.582,0,5544450
"benchmark-example:protein-extra-64-cpu","bd/proteins.100MB",64,1000000,55,55,0,0.000,8.582,1,5737364
"benchmark-example:protein-extra-64-cpu","bd/proteins.100MB",64,1000000,55,55,0,0.000,8.582,2,5737746
"benchmark-example:protein-extra-64-cpu","bd/proteins.100MB",64,1000000,55,55,0,0.000,8.582,3,5741184
"benchmark-example:protein-extra-64-cpu","bd/proteins.100MB",64,1000000,55,55,0,0.000,8.582,4,5741566
"benchmark-example:protein-extra-64-cpu","bd/proteins.100MB",64,1000000,55,55,0,0.000,8.582,5,5742712
"benchmark-example:protein-extra-64-cpu","bd/proteins.100MB",64,1000000,55,55,0,0.000,8.582,6,5743094
"benchmark-example:protein-extra-64-cpu","bd/proteins.100MB",64,1000000,55,55,0,0.000,8.582,7,5743476
"benchmark-example:protein-extra-64-cpu","bd/proteins.100MB",64,1000000,55,55,0,0.000,8.582,8,5743858
"benchmark-example:protein-extra-64-cpu","bd/proteins.100MB",64,1000000,55,55,0,0.000,8.582,9,5744240
"benchmark-example:protein-extra-64-cpu","bd/proteins.100MB",64,1000000,55,55,0,0.000,8.582,10,5744622
"benchmark-example:protein-extra-64-cpu","bd/proteins.100MB",64,1000000,55,55,0,0.000,8.582,11,5745004
"benchmark-example:protein-extra-64-cpu","bd/proteins.100MB",64,1000000,55,55,0,0.000,8.582,12,5745386
"benchmark-example:protein-extra-64-cpu","bd/proteins.100MB",64,1000000,55,55,0,0.000,8.582,13,5745768
"benchmark-example:protein-extra-64-cpu","bd/proteins.100MB",64,1000000,55,55,0,0.000,8.582,14,5747296
"benchmark-example:protein-extra-64-cpu","bd/proteins.100MB",64,1000000,55,55,0,0.000,8.582,15,5996944
"benchmark-example:protein-extra-64-cpu","bd/proteins.100MB",64,1000000,55,55,0,0.000,8.582,16,5997326
"benchmark-example:protein-extra-64-cpu","bd/proteins.100MB",64,1000000,55,55,0,0.000,8.582,17,5997708
"benchmark-example:protein-extra-64-cpu","bd/proteins.100MB",64,1000000,55,55,0,0.000,8.582,18,5998090
"benchmark-example:protein-extra-64-cpu","bd/proteins.100MB",64,1000000,55,55,0,0.000,8.582,19,5998472
"benchmark-example:protein-extra-64-cpu","bd/proteins.100MB",64,1000000,55,55,0,0.000,8.582,20,5998854
"benchmark-example:protein-extra-64-cpu","bd/proteins.100MB",64,1000000,55,55,0,0.000,8.582,21,5999236
"benchmark-example:protein-extra-64-cpu","bd/proteins.100MB",64,1000000,55,55,0,0.000,8.582,22,5999618
"benchmark-example:protein-extra-64-cpu","bd/proteins.100MB",64,1000000,55,55,0,0.000,8.582,23,6000000
"benchmark-example:protein-extra-64-cpu","bd/proteins.100MB",64,1000000,55,55,0,0.000,8.582,24,6000382
"benchmark-example:protein-extra-64-cpu","bd/proteins.100MB",64,1000000,55,55,0,0.000,8.582,25,6000764
"benchmark-example:protein-extra-64-cpu","bd/proteins.100MB",64,1000000,55,55,0,0.000,8.582,26,6001146
"benchmark-example:protein-extra-64-cpu","bd/proteins.100MB",64,1000000,55,55,0,0.000,8.582,27,6001528
"benchmark-example:protein-extra-64-cpu","bd/proteins.100MB",64,1000000,55,55,0,0.000,8.582,28,6001910
"benchmark-example:protein-extra-64-cpu","bd/proteins.100MB",64,1000000,55,55,0,0.000,8.582,29,6002292
"benchmark-example:protein-extra-64-cpu","bd/proteins.100MB",64,1000000,55,55,0,0.000,8.582,30,6002674
"benchmark-example:protein-extra-64-cpu","bd/proteins.100MB",64,1000000,55,55,0,0.000,8.582,31,6003056
"benchmark-example:protein-extra-64-cpu","bd/proteins.100MB",64,1000000,55,55,0,0.000,8.582,32,6003438
"benchmark-example:protein-extra-64-cpu","bd/proteins.100MB",64,1000000,55,55,0,0.000,8.582,33,6003820
"benchmark-example:protein-extra-64-cpu","bd/proteins.100MB",64,1000000,55,55,0,0.000,8.582,34,6004202
"benchmark-example:protein-extra-64-cpu","bd/proteins.100MB",64,1000000,55,55,0,0.000,8.582,35,6004584
"benchmark-example:protein-extra-64-cpu","bd/proteins.100MB",64,1000000,55,55,0,0.000,8.582,36,6004966
"benchmark-example:protein-extra-64-cpu","bd/proteins.100MB",64,1000000,55,55,0,0.000,8.582,37,6005348
"benchmark-example:protein-extra-64-cpu","bd/proteins.100MB",64,1000000,55,55,0,0.000,8.582,38,6005730
"benchmark-example:protein-extra-64-cpu","bd/proteins.100MB",64,1000000,55,55,0,0.000,8.582,39,6006112
"benchmark-example:protein-extra-64-cpu","bd/proteins.100MB",64,1000000,55,55,0,0.000,8.582,40,6006494
"benchmark-example:protein-extra-64-cpu","bd/proteins.100MB",64,1000000,55,55,0,0.000,8.582,41,6006876
"benchmark-example:protein-extra-64-cpu","bd/proteins.100MB",64,1000000,55,55,0,0.000,8.582,42,6007258
"benchmark-example:protein-extra-64-cpu","bd/proteins.100MB",64,1000000,55,55,0,0.000,8.582,43,6007640
"benchmark-example:protein-extra-64-cpu","bd/proteins.100MB",64,1000000,55,55,0,0.000,8.582,44,6008022
"benchmark-example:protein-extra-64-cpu","bd/proteins.100MB",64,1000000,55,55,0,0.000,8.582,45,6008404
"benchmark-example:protein-extra-64-cpu","bd/proteins.100MB",64,1000000,55,55,0,0.000,8.582,46,6008786
"benchmark-example:protein-extra-64-cpu","bd/proteins.100MB",64,1000000,55,55,0,0.000,8.582,47,6009168
"benchmark-example:protein-extra-64-cpu","bd/proteins.100MB",64,1000000,55,55,0,0.000,8.582,48,6009550
"benchmark-example:protein-extra-64-cpu","bd/proteins.100MB",64,1000000,55,55,0,0.000,8.582,49,6009932
"benchmark-example:protein-extra-64-cpu","bd/proteins.100MB",64,1000000,55,55,0,0.000,8.582,50,6010314
"benchmark-example:protein-extra-64-cpu","bd/proteins.100MB",64,1000000,55,55,0,0.000,8.582,51,6010696
"benchmark-example:protein-extra-64-cpu","bd/proteins.100MB",64,1000000,55,55,0,0.000,8.582,52,6011078
"benchmark-example:protein-extra-64-cpu","bd/proteins.100MB",64,1000000,55,55,0,0.000,8.582,53,6011460
"benchmark-example:protein-extra-64-cpu","bd/proteins.100MB",64,1000000,55,55,0,0.000,8.582,54,6011842
